epoch,train_loss,val_loss,train_acc,val_acc,lr
1,103595.98677941052,1197.1915569063983,0.90162,0.9608,0.001
2,960.9781385651025,927.7514928503881,0.96876,0.9625,0.001
3,671.9702620250184,608.9051650807827,0.97598,0.9722,0.001
4,537.2522017925291,667.1050995452495,0.9801,0.9711,0.001
5,518.8323855192765,689.9795980332773,0.9814,0.9696,0.001
6,362.7453063320931,593.9852944386156,0.98478,0.9704,0.001
7,352.63046521725863,904.1983379895174,0.98554,0.9621,0.001
8,298.15072419637306,691.4604287449317,0.98688,0.9671,0.001
9,226.44701317692048,580.2903511433661,0.98818,0.9695,0.001
10,167.9137302786493,418.25345790235303,0.98962,0.9731,0.001
11,100.51825285567652,753.4017308874975,0.99118,0.9618,0.001
12,87.3604179075002,486.3016220768796,0.99106,0.9699,0.001
13,61.89354095068734,740.3381416224227,0.99226,0.9675,0.001
14,37.44386320040964,1274.3904972317853,0.99206,0.9714,0.001
15,39.50324694640801,538.3456791020647,0.9914,0.9723,0.001
16,-4.255657449707655,502.35305071480667,0.99322,0.9645,0.001
17,-26.51421698889769,479.35027840771255,0.99266,0.9712,0.001
18,-65.6586291710739,370.31135921236836,0.99372,0.9694,0.001
19,-61.63742345678227,634.3213093914563,0.9931,0.9655,0.001
20,-80.01378725739696,308.06427818008615,0.9929,0.9696,0.001
21,-149.50164604430918,174.76456919802894,0.99506,0.973,0.001
22,-154.71847348322953,226.69554698316358,0.9946,0.9713,0.001
23,-164.43112915556145,237.95899639853948,0.99444,0.97,0.001
24,-147.81090566630255,214.32545065578026,0.99494,0.9719,0.001
25,-141.714187948905,242.08882232859165,0.99484,0.9732,0.001
26,-158.75388162032417,334.3942581369907,0.99448,0.9686,0.001
27,-214.72793226900612,261.457003581373,0.99592,0.9684,0.001
28,-139.30606313251778,500.04929525640944,0.99366,0.9699,0.001
29,-208.63770535656863,223.97066497802734,0.99562,0.9693,0.001
30,-235.5197815077994,277.33139110516896,0.99562,0.9646,0.001
31,-203.66964306550867,138.22680514371848,0.99464,0.971,0.001
32,-285.34288029414614,79.3482308206679,0.99652,0.9736,0.001
33,-213.6411672138497,112.46885765655131,0.9942,0.9718,0.001
34,-291.2011631236357,127.79771457140959,0.99646,0.9754,0.001
35,-296.2731916910547,284.42979957483993,0.9963,0.9662,0.001
36,-313.12146137559506,104.19424979294402,0.996,0.9719,0.001
37,-279.3924153564531,289.9178729962699,0.9949,0.9629,0.001
38,-280.0113798078064,33.878168782101405,0.99556,0.9724,0.001
39,-280.91265544257203,82.09829851947254,0.99506,0.973,0.001
40,-263.4983735730886,138.59410459784013,0.99554,0.9712,0.001
41,-263.0512707312699,164.61624592165404,0.99552,0.9724,0.001
42,-306.26311020716986,150.63514105881316,0.99608,0.9718,0.001
43,-362.69089319760843,112.17185561264617,0.99678,0.9688,0.001
44,-294.12708338569195,158.0021545917173,0.99506,0.9707,0.001
45,-288.3000255887161,115.14007191718379,0.99534,0.971,0.001
46,-350.8065595504878,184.05820252623738,0.99688,0.9652,0.001
47,-362.66683981424706,257.06375223473657,0.9964,0.9605,0.001
48,-350.0185528142983,169.1193598010872,0.99618,0.9677,0.001
49,-361.5843106145444,-68.00904628898525,0.99646,0.9765,0.001
50,-372.1802729731021,27.564217579515674,0.99662,0.969,0.001
51,-386.92179549624547,36.84210741067235,0.99614,0.9712,0.001
52,-341.34081473191986,38.25791544853887,0.99522,0.9723,0.001
53,-397.97457420368636,168.17735529549515,0.99676,0.9694,0.001
54,-388.1730119163728,41.19114791290669,0.99636,0.9686,0.001
55,-396.36823762469277,49.18656684778914,0.9964,0.9704,0.001
56,-441.4439398919225,19.004761997657486,0.99736,0.9708,0.001
57,-435.47244283183454,-7.4197296432301965,0.9968,0.9699,0.001
58,-431.4490887771177,1.0996469425249704,0.99654,0.9696,0.001
59,-407.74629213377034,9.47929701020446,0.99682,0.9698,0.001
60,-421.4190378603728,42.03050497513783,0.99694,0.9679,0.001
61,-378.98914029836044,130.49538424045224,0.99606,0.9699,0.001
62,-391.25356176625127,5.331031654454485,0.99678,0.9701,0.001
63,-412.0322660753489,10.116389648823798,0.99692,0.9689,0.001
64,-438.652537977604,72.53135275538963,0.99698,0.9687,0.001
65,-453.0013875741788,-38.0465188811097,0.99666,0.9718,0.001
66,-444.6229549710403,-40.47807036774068,0.99698,0.9697,0.001
67,-435.93717471656896,90.89550351492966,0.99646,0.9674,0.001
68,-460.646345484897,-74.34411606607559,0.997,0.9738,0.001
69,-482.7412116789757,-120.20781437354752,0.99714,0.9715,0.001
70,-466.42435792888824,12.97185308722001,0.99654,0.967,0.001
71,-482.3526944992183,21.367532078223892,0.99686,0.9649,0.001
72,-463.82809955567654,-12.609914127784439,0.99662,0.9699,0.001
73,-477.78077188477187,62.39399159105518,0.9972,0.9707,0.001
74,-471.7661493403832,16.309231432178354,0.9969,0.9695,0.001
75,-504.8615770657044,54.46448881414872,0.997,0.9672,0.001
76,-483.6219258613294,273.3651943448224,0.99676,0.962,0.001
77,-453.8714712001479,-33.821532237378854,0.9961,0.9715,0.001
78,-474.97114851773546,-54.3263930791541,0.99682,0.971,0.001
79,-470.2703107555809,-80.98636680313304,0.99668,0.9747,0.001
80,-468.19748574571537,-100.41673394698131,0.99668,0.9725,0.001
81,-535.1402663599195,-110.51674207856384,0.99784,0.9733,0.001
82,-505.7159575147702,73.29437139969838,0.99726,0.9671,0.001
83,-500.8743590137843,27.603514900690392,0.99706,0.9634,0.001
84,-536.8165411985743,-54.460033513322664,0.99682,0.9683,0.001
85,-512.4144137643488,-58.46741823606853,0.99684,0.9702,0.001
86,-566.1469468997262,9.603070416027986,0.99794,0.9682,0.001
87,-535.5367259930467,-14.482233602789384,0.99732,0.9708,0.001
88,-513.6541074279629,-87.99565100368065,0.99664,0.97,0.001
89,-545.6877567066866,-64.62198721004438,0.99746,0.9694,0.001
90,-521.0023673757568,-90.83101200152048,0.99648,0.9688,0.001
91,-506.3330931797662,-89.8537961742546,0.99702,0.973,0.001
92,-544.6982213871559,-80.37238765668265,0.99722,0.9701,0.001
93,-515.3712257326716,-2.558211507676523,0.99634,0.9705,0.001
94,-519.2275919804488,-7.874452615086036,0.99708,0.9652,0.001
95,-520.0722918888492,-33.38952245591562,0.9967,0.9675,0.001
96,-568.7063814246136,-172.78267259235625,0.9972,0.9718,0.001
97,-578.0603872235779,-137.23118325728404,0.99738,0.9691,0.001
98,-589.3037608895461,-75.13757111754599,0.99782,0.9644,0.001
99,-592.4636285884301,-148.33758979507638,0.99768,0.9717,0.001
100,-506.348374544812,-102.89605418338051,0.99654,0.9718,0.001
101,-490.3401864581096,42.56693412684187,0.9954,0.9666,0.001
102,-527.0777794723316,17.740902671331092,0.99616,0.9673,0.001
103,-517.9206705995838,-119.91781522050688,0.99616,0.9714,0.001
104,-563.4404585270016,24.105268261100672,0.99756,0.9658,0.001
105,-564.5387518607137,3.1470926502082923,0.99714,0.9649,0.001
106,-511.09512754474457,-31.29602779919588,0.99596,0.971,0.001
107,-550.0534779580353,-107.262060672422,0.99722,0.9705,0.001
108,-569.0299345831127,-81.08065573776824,0.9972,0.9684,0.001
109,-553.2500244686976,-111.87274908717674,0.99688,0.9686,0.001
110,-591.9317658953654,29.281422820272326,0.99758,0.9625,0.0005
111,-741.0345138198579,-336.0514406131793,0.99938,0.9737,0.0005
112,-799.8992201861213,-395.64472111569177,0.9998,0.9769,0.0005
113,-822.7412552699409,-424.5802056034909,0.9998,0.9765,0.0005
114,-838.3097201686381,-403.0952234388907,0.99978,0.974,0.0005
115,-844.3789828951707,-402.0093587561499,0.99988,0.9748,0.0005
116,-854.3123913542998,-376.5856892066666,0.99984,0.9721,0.0005
117,-855.729151420886,-419.97065638288666,0.9998,0.9753,0.0005
118,-873.4614146981398,-321.2825111678884,0.9999,0.9708,0.0005
119,-871.1648072537864,-356.6006259193903,0.9998,0.9731,0.0005
120,-863.2484886384071,-372.51936089238035,0.99966,0.9736,0.0005
121,-880.8929071841033,-334.34947286678266,0.9999,0.9713,0.0005
122,-872.7562605523698,-398.69387749780583,0.99972,0.9729,0.0005
123,-874.1346234177689,-386.0028217170812,0.99962,0.9721,0.0005
124,-892.7534270225583,-343.9203384978862,0.99986,0.9717,0.0005
125,-879.8383426910166,-370.8317842121366,0.99954,0.9723,0.0005
126,-876.5842573941516,-315.50938570046725,0.99952,0.973,0.0005
127,-883.9676368498741,-277.4552323546591,0.99962,0.9684,0.0005
128,-888.5861866358296,-310.9645765280422,0.99966,0.9717,0.0005
129,-885.1672748848605,-396.268427981606,0.99962,0.9708,0.0005
130,-900.1431872277614,-401.21711875818954,0.99978,0.9718,0.0005
131,-906.6385989762329,-387.0869147385223,0.99978,0.9712,0.0005
132,-892.7606857963231,-315.59008407592773,0.99954,0.9683,0.0005
133,-889.6334009975424,-314.9765746684014,0.99942,0.971,0.0005
134,-890.7110180476742,-349.53101822092566,0.9995,0.9704,0.0005
135,-902.5199083879476,-390.8411152030848,0.9998,0.9706,0.0005
136,-905.8088833157668,-309.30233817764474,0.9998,0.9678,0.0005
137,-919.2567521117228,-419.22090119953396,0.99976,0.9725,0.0005
138,-917.5293781251249,-372.9979021096531,0.99972,0.9706,0.0005
139,-917.7540058418917,-442.6936503543129,0.99978,0.9726,0.0005
140,-889.1133161383822,-398.0180576179601,0.99892,0.9718,0.0005
141,-902.7906829755934,-381.362628212458,0.99962,0.971,0.0005
142,-903.2518746066277,-396.95361753053305,0.9994,0.9712,0.0005
143,-931.0050727863751,-378.9174542970295,0.99984,0.9703,0.0005
144,-926.9337609332541,-325.724859648113,0.9996,0.969,0.0005
145,-925.6316042848865,-352.2797493270681,0.99966,0.971,0.0005
146,-914.8768594649137,-281.6558648604381,0.99938,0.9679,0.0005
147,-905.8053257934882,-271.34018330634393,0.99942,0.9666,0.0005
148,-920.121107799013,-370.79099486145793,0.99964,0.9705,0.0005
149,-933.2072959177939,-380.0009411679039,0.99978,0.9724,0.0005
150,-935.6483970700627,-380.71248404587374,0.9998,0.9724,0.0005
151,-934.7008169032729,-414.2738912075381,0.9998,0.9712,0.0005
152,-924.017484777114,-302.93310054344465,0.99938,0.9707,0.0005
153,-917.1409476589973,-413.08605638335024,0.99938,0.9719,0.0005
154,-934.2412109375,-424.19967892803726,0.99974,0.9722,0.0005
155,-913.6017765913473,-388.5293360842934,0.99936,0.9703,0.0005
156,-927.7117180787694,-342.9225574927994,0.99962,0.9694,0.0005
157,-937.0095027523578,-418.0472920091846,0.9997,0.9724,0.0005
158,-945.836102497852,-352.5612009748628,0.99958,0.9708,0.0005
159,-915.0853126311241,-357.3874302151837,0.99916,0.9696,0.0005
160,-901.4429399339134,-288.00715077074267,0.9991,0.9704,0.0005
161,-921.6936657995824,-433.76424118235144,0.99952,0.974,0.0005
162,-923.5993677319773,-415.21526974062374,0.99956,0.9724,0.0005
163,-949.1804010337576,-382.67489759227897,0.99978,0.9714,0.0005
164,-947.3640962488511,-442.42019875441923,0.99974,0.9729,0.0005
165,-962.4383925806226,-418.3290102994895,0.99982,0.9708,0.0005
166,-949.8258465623002,-353.4933535901806,0.99962,0.9682,0.0005
167,-890.6970936026414,-282.54303108891355,0.99874,0.9682,0.0005
168,-912.4342429704983,-321.34899916829943,0.99896,0.9676,0.0005
169,-942.6724969029732,-428.64722452284417,0.9994,0.9742,0.0005
170,-949.259690696931,-357.21429641337335,0.99958,0.9718,0.0005
171,-929.819078684463,-416.7761289379265,0.99944,0.972,0.0005
172,-963.0059458544797,-266.0753202317636,0.99968,0.9705,0.0005
173,-955.8963613680867,-297.84220712396166,0.99944,0.9703,0.0005
174,-952.1819728061062,-350.6192494645903,0.99956,0.9683,0.0005
175,-953.0421565609515,-404.97258594368077,0.99958,0.9715,0.0005
176,-919.6669881288963,-244.51119362553464,0.99896,0.9684,0.0005
177,-917.5530688195582,-377.68127808389784,0.99912,0.9712,0.0005
178,-958.8050387253237,-417.13008677808546,0.99978,0.9706,0.0005
179,-965.5146229931765,-330.4370865640761,0.99982,0.9721,0.0005
180,-959.0313201670147,-360.12605720230295,0.99976,0.9702,0.0005
181,-972.728932256284,-443.25207268437254,0.99986,0.971,0.0005
182,-960.5178066556106,-443.05312868915024,0.9996,0.9718,0.0005
183,-898.6586650058132,-213.96895647652542,0.99788,0.9663,0.0005
184,-868.9829996016324,-397.72237135488774,0.99792,0.97,0.0005
185,-949.840198565627,-355.5253825127324,0.99948,0.9698,0.0005
186,-953.2954891429227,-458.38174564023564,0.99946,0.9726,0.0005
187,-974.7802991940238,-437.1200706385359,0.99976,0.9716,0.0005
188,-965.9010022253636,-406.44587746149375,0.99948,0.9725,0.0005
189,-955.4269565279832,-365.8689627345604,0.99914,0.9709,0.0005
190,-953.6232405952785,-304.5005753915521,0.9993,0.9682,0.0005
191,-942.1163776524536,-414.3726947156689,0.99918,0.9714,0.0005
192,-977.5070885075328,-415.1681050167808,0.99988,0.9743,0.0005
193,-994.6968068466772,-454.7131873022152,0.99986,0.9718,0.0005
194,-992.6615174432545,-168.11289804193038,0.99978,0.9714,0.0005
195,-915.8571065527094,-325.2406296548964,0.99814,0.969,0.0005
196,-979.7444866990189,-399.1783906960789,0.9998,0.9714,0.0005
197,-945.7186972381513,-372.47201808494856,0.99906,0.9711,0.0005
198,-931.8611815469649,-302.3684763365154,0.9992,0.9666,0.0005
199,-915.1025027692166,-310.25119665604603,0.99882,0.9673,0.0005
200,-952.7997605111593,-314.6518305524995,0.99954,0.9708,0.0005
201,-970.3513355303908,-437.1782211110562,0.99966,0.9721,0.0005
202,-965.8082902913203,-64.29440703573106,0.9995,0.969,0.0005
203,-911.2398655884101,-392.5410934641391,0.99876,0.9722,0.0005
204,-956.0074018005215,-427.0878954537307,0.99964,0.9732,0.00025
205,-1014.9337457915401,-495.4311294555664,0.9999,0.9735,0.00025
206,-1029.478503761389,-448.05048283444177,0.9999,0.9738,0.00025
207,-1038.4293784217152,-441.5793965013721,0.9999,0.9734,0.00025
208,-1039.4770540593531,-337.83760012856015,0.99994,0.9733,0.00025
209,-1034.3293624058404,-453.19281681881677,0.99962,0.9721,0.00025
210,-1037.5090905699278,-390.0921393285824,0.9997,0.9726,0.00025
211,-1045.7113781707062,-354.79510169693185,0.9999,0.9714,0.00025
212,-1049.0516391763906,-394.9751346443273,0.99992,0.9727,0.00025
213,-1051.1774953856798,-386.44191568109056,0.99996,0.972,0.00025
214,-1043.595533756344,-368.5275677065306,0.99966,0.9713,0.00025
215,-1051.6624709029331,-341.56863982768,0.99986,0.9703,0.00025
216,-1057.5588013631914,-337.7501120265526,0.99998,0.9708,0.00025
217,-1052.7041095236073,-280.57072303868546,0.99984,0.9699,0.00025
218,-1053.9354065409707,-319.8612427530409,0.99986,0.9696,0.00025
219,-1056.1352482866448,-351.2014733809459,0.99996,0.9716,0.00025
220,-1062.8917457990328,-373.6392706376088,0.99998,0.971,0.00025
221,-1056.0202107539262,-374.7181284457822,0.99988,0.9692,0.00025
222,-1057.3631643309923,-381.81224697451046,0.99992,0.9718,0.00025
223,-1053.486178424962,-433.9102481890328,0.99982,0.9715,0.00025
224,-1061.7612963430106,-370.2652814840969,0.99994,0.9691,0.00025
225,-1071.2435052974145,-367.4917051098015,0.99998,0.9692,0.00025
226,-1065.3508527906959,-403.1304511541053,0.99986,0.9718,0.00025
227,-1070.3095701563998,-380.4661804392368,0.99996,0.9703,0.00025
228,-1076.156533165661,-376.1307521771781,0.99998,0.9693,0.00025
229,-1073.5041446149196,-312.0196290800843,0.99992,0.9695,0.00025
230,-1070.3697792306884,-280.0763423291943,0.9998,0.97,0.00025
231,-1068.5283944600683,-354.3507711676103,0.99992,0.9703,0.00025
232,-1070.5020083844508,-370.5611327931851,0.99994,0.9711,0.00025
233,-1064.5386329124042,-426.4380151289928,0.9998,0.9723,0.00025
234,-1073.6610803628516,-382.24651790570607,0.9999,0.9715,0.00025
235,-1072.5207071523837,-334.7045205031769,0.9999,0.9717,0.00025
236,-1073.8535317033147,-347.0576651850833,0.99994,0.9695,0.00025
237,-1077.3214254940258,-403.41671424576,0.99996,0.9704,0.00025
238,-1067.1676991650515,-398.91171621974513,0.99976,0.9699,0.00025
239,-1074.570804995954,-384.65789466568185,0.99996,0.9686,0.00025
240,-1076.441053463675,-380.2347060577779,0.99984,0.9698,0.00025
241,-1080.5289609474903,-233.5166588312463,0.99998,0.9717,0.00025
242,-1068.057816683484,-357.31885567194297,0.9999,0.9705,0.00025
243,-1082.3661118139087,-401.3956945878041,0.99998,0.9699,0.00025
244,-1074.7593071588774,-423.0814197395421,0.99988,0.9705,0.00025
245,-1075.7160095058744,-360.8087346523623,0.99972,0.9687,0.00025
246,-1079.889000778003,-410.1831924824775,0.99986,0.9706,0.00025
247,-1071.1145728225904,-342.9336396229418,0.99974,0.9719,0.00025
248,-1083.0369199474753,-383.9787575444089,0.99982,0.9706,0.00025
249,-1090.5662704428748,-403.67788232730913,1.0,0.9706,0.00025
250,-1085.4276308806045,-188.79862966416758,0.99994,0.967,0.00025
251,-1083.9387828309823,-206.53315087813365,0.99984,0.9712,0.00025
252,-1084.3652966589575,-336.8023869961123,0.99986,0.9692,0.00025
253,-1089.9565101877197,-242.4253050405768,0.99984,0.9687,0.00025
254,-1065.4213873431506,-425.05469667458834,0.99972,0.9715,0.00025
255,-1090.4919920626198,-333.415114680423,0.99996,0.9699,0.00025
256,-1095.947008528063,-412.5538976162295,0.99996,0.9703,0.00025
257,-1094.7749419931865,-311.8229197248628,0.99996,0.9713,0.00025
258,-1099.9022696024317,-331.2293713726575,0.99998,0.9692,0.00025
259,-1090.4586150420596,-354.730130449126,0.99996,0.9694,0.00025
260,-1096.6810385467452,-349.7393048443372,0.99998,0.9688,0.00025
261,-1082.382208080243,-307.62074057663546,0.99982,0.9693,0.00025
262,-1087.8573118243985,-386.7906047965907,0.99988,0.9699,0.00025
263,-1093.4419624348125,-343.16377200356015,0.99994,0.966,0.00025
264,-1097.8115741700467,-115.75965495049199,0.99994,0.969,0.00025
265,-1099.599903623771,-296.41345359705673,0.9999,0.9699,0.00025
266,-1105.0834014970628,-259.499124840845,0.99996,0.9669,0.00025
267,-1098.4037199288682,-322.09837843496587,0.9999,0.9713,0.00025
268,-1089.0294852878737,-340.46879877018023,0.99974,0.9677,0.00025
269,-1096.490778852302,-246.2767301149006,0.9999,0.9686,0.00025
270,-1098.1299507160625,-313.509271838997,0.99988,0.9688,0.00025
271,-1104.020647834329,-266.53504808643197,0.99996,0.9684,0.00025
272,-1106.7022897081301,-237.2485572718367,0.99992,0.9688,0.00025
273,-1095.4099495734094,-188.02912434445153,0.9999,0.9684,0.00025
274,-1094.6536858990369,-222.9237525553643,0.99992,0.9671,0.00025
275,-1089.8910799538694,-337.63393392442146,0.99974,0.9707,0.00025
276,-1097.1631059183185,-231.749665465536,0.9999,0.97,0.00025
277,-1083.7495889883212,-191.42225260674198,0.99978,0.9661,0.00025
278,-1099.7024797015179,-303.3393077608905,0.99992,0.97,0.00025
279,-1104.8950407608695,-333.31897049915943,1.0,0.9691,0.00025
280,-1107.311214203115,-8.656297031837173,0.99996,0.9687,0.00025
281,-1113.06791464569,-232.18712181381034,0.99996,0.9698,0.00025
282,-1112.664180823909,9.72786717475215,1.0,0.9679,0.00025
283,-1108.8822566273877,-79.59247560138944,0.99996,0.9686,0.00025
284,-1111.3901773047874,-40.05557357208638,0.99996,0.9667,0.00025
285,-1108.1993615816316,-292.74755801430234,0.9999,0.9715,0.00025
286,-1086.3378761076867,-349.9753761774377,0.99978,0.9703,0.00025
287,-1102.487549920826,-252.95163466055183,0.9998,0.9677,0.00025
288,-1104.7851702990129,-245.50142080572587,0.99986,0.9676,0.00025
289,-1115.75513226053,-290.1697606919687,0.99998,0.9689,0.00025
290,-1104.2349057404892,-388.2940694108794,0.99978,0.9691,0.00025
291,-1117.9057080203006,-367.3195094820819,0.99998,0.9693,0.00025
292,-1121.9875544477302,318.4484505472304,0.99996,0.9681,0.00025
293,-1119.2828375384631,-256.3207862467705,1.0,0.9659,0.00025
294,-1118.2907830357856,-281.84217704096926,0.99998,0.967,0.00025
295,-1111.7161907381414,-338.50723392148564,0.99988,0.9668,0.00025
296,-1082.2718025070933,-316.9834677780731,0.9996,0.9673,0.00025
297,-1110.7303316940736,-365.30116677586034,0.99992,0.9681,0.00025
298,-1104.920201918658,-369.1686364185961,0.99984,0.9674,0.00025
299,-1119.6320502629976,-303.6522244803513,0.99992,0.9692,0.00025
300,-1121.2793440172434,-367.32873216460024,0.99992,0.9703,0.00025
301,-1116.2831211724244,-242.83777686010433,0.99992,0.9664,0.00025
302,-1107.005525164592,-341.0451000551634,0.99978,0.9682,0.00025
303,-1118.5436991425731,-304.71031531804726,0.99994,0.9664,0.000125
304,-1123.685788674123,-302.69316062444375,0.99974,0.9681,0.000125
305,-1144.3632709473904,-293.7414288098299,0.99996,0.9684,0.000125
306,-1145.9548765997142,-195.73042200788666,1.0,0.9678,0.000125
307,-1146.071707879186,-76.6531489891342,0.99992,0.9681,0.000125
308,-1147.8758872732178,-87.56376536888412,0.99996,0.9659,0.000125
309,-1148.6014067120564,137.96773789804192,0.99996,0.9676,0.000125
310,-1145.9422891524137,49.59072248241569,0.99984,0.9672,0.000125
311,-1151.227297263377,-53.24214655236353,0.99996,0.9673,0.000125
312,-1150.5642149161804,50.690988806229605,0.99998,0.9673,0.000125
313,-1148.862340590533,-184.75627725335616,0.9999,0.9666,0.000125
314,-1153.665174713525,118.53112512902368,0.9999,0.9673,0.000125
315,-1150.124346876998,110.97830403002003,0.9999,0.9664,0.000125
316,-1151.8242441943235,220.15665783459627,0.99994,0.9675,0.000125
317,-1136.6207138022498,413.21705033507527,0.99956,0.9658,0.000125
318,-1147.0921261682536,51.833331144308744,0.99986,0.9668,0.000125
319,-1141.818483006314,231.1359419038024,0.99972,0.9658,0.000125
320,-1155.0856627637468,622.305465987966,0.99996,0.9664,0.000125
321,-1153.9344618229,120.23470914816555,0.99988,0.9662,0.000125
322,-1127.7480940172434,68.45753063733065,0.99902,0.9661,0.000125
323,-1156.159827346997,-3.7055565556393395,0.99988,0.9652,0.000125
324,-1159.1437150023478,239.04969700680505,0.99998,0.9654,0.000125
325,-1157.4866142565636,73.89541635634023,0.9999,0.9653,0.000125
326,-1150.2711041150496,211.18101327630538,0.9997,0.9648,0.000125
327,-1161.5622087171316,418.8190662528895,0.99998,0.9651,0.000125
328,-1161.574342381314,389.72118508061277,0.99994,0.9651,0.000125
329,-1160.9448552826786,169.32363843314255,0.99994,0.9645,0.000125
330,-1150.6161506828444,45.74495779109907,0.99976,0.9647,0.000125
331,-1157.6323452922695,245.9971282572686,0.99986,0.9635,0.000125
332,-1158.346540758372,500.1267283958725,0.9998,0.9651,0.000125
333,-1159.1786942347846,1055.339607625068,0.99986,0.9639,0.000125
334,-1162.8182113920636,886.7889963463892,0.99998,0.9633,0.000125
335,-1164.0752307472326,268.0620015784155,0.9999,0.9658,0.000125
336,-1163.9868334211658,1632.4232486773142,0.99998,0.9662,0.000125
337,-1159.270478465673,1233.5587471587748,0.99988,0.9631,0.000125
338,-1163.1802371286064,527.562747762173,0.99992,0.9633,0.000125
339,-1153.4375505764467,76.79863019532795,0.99978,0.9646,0.000125
340,-1168.2974866003638,132.71818238270433,1.0,0.9646,0.000125
341,-1159.603713247782,139.98321924330313,0.99974,0.963,0.000125
342,-1163.8401394036725,321.337995794755,0.99996,0.9642,0.000125
343,-1163.416876048993,377.13724305358113,0.99988,0.964,0.000125
344,-1157.4666176720348,400.32993963700306,0.99976,0.9627,0.000125
345,-1162.215793307175,305.43566711039483,0.99988,0.9592,0.000125
346,-1157.1925176830243,341.7369846392281,0.99984,0.9639,0.000125
347,-1165.9471371545817,249.93626162372058,0.99992,0.9652,0.000125
348,-1168.9146066651015,397.93025989773906,0.99998,0.9641,0.000125
349,-1152.0425792801411,773.1345834852774,0.99956,0.9653,0.000125
350,-1167.5815317295396,1196.2000350952148,0.99992,0.9626,0.000125
351,-1168.584062425072,666.9759519552882,0.99986,0.9646,0.000125
352,-1169.181936746973,1096.6661527609524,0.99994,0.9626,0.000125
353,-1171.9599618741008,1200.346183390557,0.99996,0.964,0.000125
354,-1173.7783729182486,1281.9950952650624,1.0,0.9637,0.000125
355,-1172.0757176235813,1344.6584651319286,0.99996,0.9639,0.000125
356,-1171.8743144081682,548.1281112960622,1.0,0.9639,0.000125
357,-1176.1004095443375,938.2098159790039,0.99998,0.9632,0.000125
358,-1169.1868651407149,862.2213552933705,0.99996,0.9624,0.000125
359,-1171.5446988078945,1116.3198263916788,0.99996,0.9634,0.000125
360,-1171.200604294877,2353.1146262446537,0.99992,0.9622,0.000125
361,-1173.877088776025,1475.618688655805,0.9999,0.9638,0.000125
362,-1158.041402909457,1474.1180646389346,0.99976,0.9627,0.000125
363,-1170.801034132233,4816.192285755013,0.99996,0.9642,0.000125
364,-1175.6209733967892,1951.7629875955702,0.99996,0.9619,0.000125
365,-1175.0926828994166,2341.9316195717342,0.99996,0.9631,0.000125
366,-1176.0394404184483,2396.4177516019795,0.9999,0.96,0.000125
367,-1171.556583180147,943.0142981613739,0.99988,0.9638,0.000125
368,-1176.6202779706482,2786.478050618232,0.99998,0.9633,0.000125
369,-1178.884078628267,2178.4354549842546,0.99996,0.9621,0.000125
370,-1177.876027451147,2223.213180203981,0.99988,0.9624,0.000125
371,-1180.1840383232097,1019.9228370280206,1.0,0.9633,0.000125
372,-1178.6574073264667,1660.7134085546566,0.99998,0.9636,0.000125
373,-1180.7116794439837,421.94120556795144,0.99994,0.9622,0.000125
374,-1177.3519166912265,3188.253063298479,0.9999,0.9633,0.000125
375,-1167.1844927307286,1549.8793441193013,0.99982,0.9614,0.000125
376,-1180.084701811261,944.7856884726995,0.99998,0.9621,0.000125
377,-1177.6239208797056,855.754400663738,0.99994,0.9624,0.000125
378,-1173.4358408115709,1035.5031210983857,0.99992,0.9639,0.000125
379,-1179.3187415081522,1195.8733630602874,0.99992,0.9643,0.000125
380,-1182.4336911564897,1050.2309135243863,0.99992,0.9649,0.000125
381,-1180.426116553109,2083.4506592569473,0.9999,0.9622,0.000125
382,-1183.517926540521,1901.677190901358,0.99994,0.962,0.000125
383,-1165.3792384311062,2004.1894496966013,0.99964,0.9618,0.000125
384,-1182.687292855109,1865.5512953649593,0.99994,0.9616,0.000125
385,-1183.4490379860333,1489.7872383503975,0.99996,0.962,0.000125
386,-1181.6908547481917,3083.057256674465,0.9999,0.9642,0.000125
387,-1184.055362477022,2165.8147611497325,0.99998,0.9616,0.000125
388,-1182.9228056690577,2547.591632166995,0.99992,0.9641,0.000125
389,-1186.9803196743626,2123.7496179025384,0.99994,0.9621,0.000125
390,-1182.348271596767,2751.2272939078416,0.9999,0.963,0.000125
391,-1185.4139210732696,3538.550635663769,0.99992,0.9614,0.000125
392,-1184.1409009850543,3571.7093318987495,1.0,0.9587,0.000125
393,-1176.081732786525,2185.748911507522,0.99988,0.9614,0.000125
394,-1185.9139185756674,2512.3589012532293,0.99996,0.9627,0.000125
395,-1189.3020206851422,2834.519235538531,1.0,0.9611,0.000125
396,-1172.21691613551,3896.278257925299,0.99968,0.9622,0.000125
397,-1180.4691407967102,2216.9883439269247,0.9997,0.9613,0.000125
398,-1189.6357059722666,3622.4253455053404,0.99998,0.9609,0.000125
399,-1178.1138756793478,3753.164089540892,0.99976,0.9618,0.000125
400,-1190.4434692695013,9187.107967038697,0.99994,0.9624,0.000125
401,-1188.5578912993526,5913.59061472929,0.99994,0.9615,0.000125
402,-1181.8518214701387,5931.8012544173225,0.9999,0.9618,0.000125
403,-1188.7350409232138,6415.820506808124,0.99996,0.9608,0.000125
404,-1191.533878102022,6624.388762461988,0.99996,0.9598,0.000125
405,-1130.3701184363013,222160.49925830695,0.99962,0.6759,0.000125
406,-1043.6933153547595,3260.9342305630066,0.99856,0.9623,0.000125
407,-1148.3219599809183,3013.166221232354,0.99926,0.9614,0.000125
408,-1192.758337620884,4945.961783300472,1.0,0.9612,0.000125
409,-1177.9350779501679,4290.562793586828,0.9998,0.9631,0.000125
410,-1188.565438390083,4424.610410955888,0.9999,0.9614,0.000125
411,-1192.0390312799711,7545.435346241239,0.99998,0.9618,0.000125
412,-1187.3993947060821,5650.869566422474,0.99994,0.9601,0.000125
413,-1190.108861742727,6682.728994876524,0.99992,0.9633,0.000125
414,-1192.8208310646778,3262.607904941221,0.99996,0.9617,0.000125
415,-1196.4089661425032,5149.774905627287,0.99998,0.961,0.000125
416,-1195.5980049777213,3689.7325389234325,0.99996,0.9616,0.000125
417,-1194.3576797524377,3723.1230779237385,0.99998,0.9627,0.000125
418,-1193.541662191796,3634.9934175708627,0.99996,0.963,0.000125
419,-1193.7048753509132,5537.9802556581135,0.99996,0.9624,0.000125
420,-1193.6463907149137,4386.2460448349575,0.99998,0.9604,0.000125
421,-1189.0822792931285,7830.595286791838,0.99988,0.9605,0.000125
422,-1193.9729734454922,4619.102941102619,1.0,0.961,0.000125
423,-1194.5004714224344,3989.7188561837884,1.0,0.9632,0.000125
424,-1180.8781549400076,2524.445847475076,0.99982,0.9629,0.000125
425,-1190.6678142108576,3552.7567558771448,0.99986,0.9627,0.000125
426,-1191.3091371346009,4505.7058108607425,0.9999,0.9629,6.25e-05
427,-1206.8178411225224,6747.41574449177,1.0,0.9625,6.25e-05
428,-1188.4419329318855,5624.975807189941,0.99968,0.9615,6.25e-05
429,-1209.0676728465673,5196.201568603516,0.99996,0.9603,6.25e-05
430,-1202.6602013629415,4107.042154143128,0.99982,0.9614,6.25e-05
431,3591.7027859504874,4308.413245865061,0.99984,0.9601,6.25e-05
432,-1210.547870138417,3235.9714778948432,0.99992,0.9614,6.25e-05
433,-1210.8069874795196,5630.193066077896,0.99996,0.9595,6.25e-05
434,-1209.5912186800672,6439.185359906547,0.99994,0.9586,6.25e-05
435,-1211.0008231160587,4625.282790799684,0.99992,0.9602,6.25e-05
436,-1212.3989978995164,8479.500227046918,0.99998,0.9615,6.25e-05
437,-1201.626430189518,8032.507350921631,0.9998,0.9594,6.25e-05
438,-1213.7050063189338,9978.001987602138,1.0,0.9605,6.25e-05
439,-1215.1204554565118,7637.397114476071,0.99996,0.9589,6.25e-05
440,-1213.9693747127758,6244.425905976114,0.99998,0.9596,6.25e-05
441,-1214.7331062180308,8010.617695675621,0.99994,0.9578,6.25e-05
442,-1214.0868625494525,8524.199234636524,0.99998,0.9595,6.25e-05
443,-1214.6265747382513,7174.0265087658845,0.99994,0.9586,6.25e-05
444,-1217.219378146979,7817.688572895678,0.99998,0.9583,6.25e-05
445,-1217.0528854799393,7545.852310760111,1.0,0.958,6.25e-05
446,-1217.985355933304,6327.224606381187,0.99998,0.9604,6.25e-05
447,-1214.440623915104,5829.058369310596,0.9999,0.9587,6.25e-05
448,-1215.3370882702604,5823.577297838428,0.9999,0.959,6.25e-05
449,-1188.674339196871,7453.908512936363,0.99962,0.9611,6.25e-05
450,-1217.0225190067536,8249.708537258679,0.99994,0.9596,6.25e-05
451,-1216.186315199908,8310.694097881076,0.99994,0.9603,6.25e-05
452,-1218.5240366123521,8065.708945310568,0.99998,0.9566,6.25e-05
453,-1216.9089709816076,9872.283219059811,0.99998,0.9585,6.25e-05
454,-1217.8267310257154,6805.51724262479,1.0,0.9575,6.25e-05
455,-1211.4047642388307,7641.622181180157,0.99992,0.9582,6.25e-05
456,-1213.907581378127,7373.575471419323,0.99992,0.9584,6.25e-05
457,-1216.0080931680586,5607.470589939552,0.99998,0.9578,6.25e-05
458,-1212.8365921840034,5922.173917649668,0.99984,0.9583,6.25e-05
459,-1218.866540777104,5866.62964755674,1.0,0.9588,6.25e-05
460,-1217.9847043713035,7150.618545532227,0.99996,0.9567,6.25e-05
461,-1206.9832310981458,6653.744929349875,0.99964,0.9562,6.25e-05
462,-1218.4687125359656,4011.298478669758,0.99998,0.9575,6.25e-05
463,-1219.297468492747,6134.142876540558,0.99996,0.9579,6.25e-05
464,-1218.8343843035686,6352.308406491823,0.99998,0.9594,6.25e-05
465,-1220.7379638984075,5171.444134193131,0.99998,0.9578,6.25e-05
466,-1222.454959801091,4494.403417852861,0.99998,0.9581,6.25e-05
467,-1208.6117811276174,5251.503787076926,0.9997,0.9573,6.25e-05
468,-1216.549120032269,4602.870834833459,0.99996,0.9576,6.25e-05
469,-1214.9202871493367,5566.456745099418,0.99986,0.9577,6.25e-05
470,-1221.3914760579844,5723.222265605685,0.99998,0.9574,6.25e-05
471,-1218.987572711447,5006.4201411476615,0.99982,0.9576,6.25e-05
472,-1222.5847498901055,3910.266537171376,1.0,0.9596,6.25e-05
473,-1217.9039253566575,3663.283133591278,0.99998,0.9598,6.25e-05
474,-1223.0589228091033,5009.812279230432,1.0,0.9578,6.25e-05
475,-1224.476391102042,8228.980668176579,1.0,0.9581,6.25e-05
476,-1210.2477324893102,5769.812783977653,0.99974,0.9594,6.25e-05
477,-1224.9285876183862,5050.364588532267,0.99998,0.96,6.25e-05
478,-1220.3940809010849,5673.269785048086,0.99994,0.9577,6.25e-05
479,-1223.3237164197371,5510.686097929749,1.0,0.9583,6.25e-05
480,-1223.0773257672633,4969.798303048822,0.99998,0.9593,6.25e-05
481,-1206.9750789242328,5433.59177804295,0.99958,0.9596,6.25e-05
482,-1225.9590402588515,5754.216592329967,0.99996,0.9589,6.25e-05
483,-1223.9638381528732,5523.852623178989,1.0,0.9577,6.25e-05
484,-1226.2849964034526,5780.4209424755245,1.0,0.9583,6.25e-05
485,-1207.7222114426402,4077.5011583642113,0.99984,0.9589,6.25e-05
486,-1222.0675389126438,5603.3114146944845,0.99994,0.9576,6.25e-05
487,-1225.7284303943215,4959.124800138836,0.99998,0.9575,6.25e-05
488,-1222.247466182465,3960.026186399822,0.99994,0.9567,6.25e-05
489,-1224.7980220238571,4999.7299555525,0.99998,0.9579,6.25e-05
490,-1224.5682110798634,5463.217202826391,0.99994,0.9592,6.25e-05
491,-1177.228643627118,4112.883166397674,0.99944,0.9584,6.25e-05
492,-1223.7256137233255,4508.712839923328,0.99994,0.9567,6.25e-05
493,-1214.6785420371443,5083.39976911907,0.99978,0.9578,3.125e-05
494,-1231.659628943714,4153.929640951036,0.99998,0.9579,3.125e-05
495,-1209.908795681146,4423.020312973215,0.99966,0.9581,3.125e-05
496,-1230.116865153203,4502.365765100793,0.99998,0.9576,3.125e-05
497,-1234.4273962620885,5030.059506380106,1.0,0.9577,3.125e-05
498,-1233.5731560202205,4875.508459211905,1.0,0.9561,3.125e-05
499,-1233.364455435282,4967.614777045914,0.99994,0.9563,3.125e-05
500,-1233.2666312215274,5115.696549379373,0.99996,0.9575,3.125e-05
501,-1217.7444256638628,5337.859748405746,0.99962,0.9572,3.125e-05
502,-1232.9718757492808,5694.833591219745,0.99998,0.9561,3.125e-05
503,-1233.8099602506593,6414.457636965981,0.99994,0.9569,3.125e-05
504,-1218.5682641539122,5294.17694502239,0.99982,0.957,3.125e-05
505,-1215.382865574049,5781.95706191244,0.9995,0.9574,3.125e-05
506,-1234.0852088245285,5167.840980481498,0.99998,0.9579,3.125e-05
507,-1236.500769261509,5536.142764465719,1.0,0.958,3.125e-05
508,-1235.656057060222,5175.549036195007,1.0,0.9579,3.125e-05
509,-1226.8516782482566,6391.140263762655,0.99986,0.957,3.125e-05
510,-1236.2093808693653,5420.985648722588,1.0,0.957,3.125e-05
511,-1236.7563944862932,6200.967410123801,0.99998,0.9561,3.125e-05
512,-1236.1119397253638,7497.453767559196,1.0,0.9565,3.125e-05
513,-1237.606019783508,7409.173370023317,1.0,0.9569,3.125e-05
514,-1235.5728079168998,6397.565869874592,0.99996,0.9575,3.125e-05
515,-1145.9348075847188,6014.103205427339,0.9994,0.9562,3.125e-05
516,-1220.9393351132912,6375.831177288973,0.9996,0.9563,3.125e-05
517,-1236.8193064345728,6282.249667735039,0.99998,0.9569,3.125e-05
518,-1237.4950026099943,5858.981904138493,0.99996,0.9565,3.125e-05
519,-1228.9797953339794,6139.99047643927,0.9999,0.9578,3.125e-05
520,-1236.431579745944,7230.59357085409,1.0,0.9566,3.125e-05
521,-1238.5317367202485,7441.088144326512,0.99998,0.9564,3.125e-05
522,-1237.1812591162484,7795.321060132377,0.99998,0.9567,3.125e-05
523,-1238.1147339179388,8338.77649862555,1.0,0.9566,3.125e-05
524,-1238.5529594714073,8070.144909774201,0.99998,0.9569,3.125e-05
525,-1238.410397268622,8407.194644396817,1.0,0.9572,3.125e-05
526,-1238.2573729219948,8457.820696722103,1.0,0.9562,3.125e-05
527,-1238.6582680626598,8675.948169418529,1.0,0.9571,3.125e-05
528,-1221.9925905505715,8095.515123246591,0.99966,0.9567,3.125e-05
529,-1238.315736580383,7806.855953361414,1.0,0.957,3.125e-05
530,-1237.9267927789322,7991.667110491402,1.0,0.9568,3.125e-05
531,-1237.1561703889267,8064.4026907908765,0.99994,0.9554,3.125e-05
532,-1233.7016517268423,8729.880010097842,0.9999,0.9569,1.5625e-05
533,-1235.602514086477,7978.604268182682,0.99986,0.9559,1.5625e-05
534,-1241.8090682944373,8009.825120660323,1.0,0.9563,1.5625e-05
535,-1214.4255923688258,8039.800535298601,0.99976,0.9565,1.5625e-05
536,-1242.3038966966712,8548.608100166804,1.0,0.9565,1.5625e-05
537,-1223.420131361393,8117.1387354210965,0.9997,0.9559,1.5625e-05
538,-1240.7568181420836,9121.434198451947,0.99996,0.9567,1.5625e-05
539,-1243.3790142712996,9285.437716761722,1.0,0.9567,1.5625e-05
540,-1237.9193138649396,8324.13414088382,1.0,0.957,1.5625e-05
541,-1242.8757826861213,8310.690011133122,0.99998,0.9574,1.5625e-05
542,-1242.8141596567295,8477.40705210046,1.0,0.9572,1.5625e-05
543,-1242.5338559358017,9124.384143781059,1.0,0.9573,1.5625e-05
544,-1242.8504054857337,8962.113628290877,1.0,0.9568,1.5625e-05
545,-1241.792439258312,9639.596234526814,0.99998,0.9551,1.5625e-05
546,-1243.287844918878,8485.027679636509,1.0,0.9562,1.5625e-05
547,-1243.6805679048114,10021.908751185936,1.0,0.9561,1.5625e-05
548,-1241.0694103972687,8260.459089255031,0.99998,0.9559,1.5625e-05
549,-1222.7459251618445,8399.959513845322,0.9996,0.956,1.5625e-05
550,-1242.8876978101023,8986.001002444496,0.99996,0.9559,7.8125e-06
551,-1214.2085997442455,9147.252415475967,0.99954,0.9562,7.8125e-06
552,-1243.5514123628816,9503.010808051387,0.99998,0.9562,7.8125e-06
553,-1225.8414971627237,9486.833915372437,0.9996,0.9555,7.8125e-06
554,-1242.0394671896229,9058.632373664952,0.99996,0.9568,7.8125e-06
555,-1243.7286464369206,9075.75701455225,1.0,0.956,7.8125e-06
556,-1243.5038856447811,9716.188546772244,0.99996,0.9557,7.8125e-06
557,-1242.2724827915201,10525.89173246939,0.99996,0.9556,7.8125e-06
558,-1244.2277382462835,10117.689209080949,0.99998,0.9557,7.8125e-06
559,-1245.5989868476263,9928.17975239814,1.0,0.9566,7.8125e-06
560,-1221.893868136589,9861.39561216137,0.99968,0.957,7.8125e-06
561,-1244.0840618006714,9098.184144370163,1.0,0.9559,7.8125e-06
562,-1224.5412353359525,9626.47725860982,0.99958,0.956,7.8125e-06
563,-1239.7846778811092,9737.628551193431,0.99992,0.9563,7.8125e-06
564,-1215.356242382313,9638.400679286522,0.99964,0.9559,7.8125e-06
565,-1245.8463827850264,9571.86560753931,1.0,0.9569,7.8125e-06
566,-1245.6978402296295,10244.006945839412,1.0,0.9551,7.8125e-06
567,-1242.13293176051,9376.755480512787,0.99996,0.9558,7.8125e-06
568,-1214.444941293858,10571.011049053337,0.9996,0.957,7.8125e-06
569,-1236.396548376059,10520.910461570644,0.99986,0.9563,7.8125e-06
570,-1229.5134845548273,9937.520641664916,0.99966,0.9555,3.90625e-06
571,-1246.8353767882832,10364.307906814769,1.0,0.956,3.90625e-06
572,-1244.8513871214884,10077.202083442784,1.0,0.9556,3.90625e-06
573,-1246.5561848125799,10482.616045408611,1.0,0.956,3.90625e-06
574,-1247.2457537638866,10271.574471099468,1.0,0.956,3.90625e-06
575,-1247.273759690697,10133.846708466735,1.0,0.9558,3.90625e-06
576,-1242.4110311132563,10269.441435946694,0.99996,0.9554,3.90625e-06
577,-1246.7765064288283,10550.204065443595,1.0,0.9555,3.90625e-06
578,-1243.7700763517023,10071.59046849118,1.0,0.9556,3.90625e-06
579,-1247.1151441491168,11092.07333866554,1.0,0.9552,3.90625e-06
580,-1243.7497329126538,10287.605157779743,0.99994,0.9553,3.90625e-06
581,-1244.5796769476303,10627.990314773366,0.99998,0.9562,3.90625e-06
582,-1247.3382992951767,10905.505834555324,1.0,0.9557,3.90625e-06
583,-1160.8514944403373,10698.4614944458,0.9996,0.9554,3.90625e-06
584,-1244.1626597841073,11009.02645091769,0.99994,0.9567,3.90625e-06
585,-1229.3488994315458,11403.612893382206,0.9998,0.9556,3.90625e-06
586,-1246.4649664447131,11054.132288292993,0.99998,0.9551,3.90625e-06
587,-1186.4756077915201,10826.418966752064,0.99942,0.9557,3.90625e-06
588,-1240.4886096847026,10648.409350334843,1.0,0.9548,3.90625e-06
589,-1244.6693755244964,11046.394671959213,0.99996,0.9563,3.90625e-06
590,-1246.5887919472307,10800.771400355086,1.0,0.9551,3.90625e-06
591,-1246.8364048638307,10839.57910571521,1.0,0.956,3.90625e-06
592,-1246.416513584459,10959.922730457934,0.99998,0.9552,3.90625e-06
593,-1246.1510164304768,10958.695151944703,0.99996,0.9562,1.953125e-06
594,-1242.4011740916221,10814.618471362923,0.99998,0.9561,1.953125e-06
595,-1247.6598634061302,10883.52989346468,0.99998,0.9556,1.953125e-06
596,-1246.8562720413404,11775.070358855815,1.0,0.9561,1.953125e-06
597,-1171.8358247956962,10882.585596108738,0.99958,0.9561,1.953125e-06
598,-1188.1915362033699,11178.411044833027,0.99946,0.9552,1.953125e-06
599,-1246.3653870409407,10985.892348663716,0.99998,0.9551,1.953125e-06
600,-1247.1653250379636,10967.477388309528,1.0,0.9563,1.953125e-06
601,-1230.5257961731738,11338.874874163277,0.99966,0.9553,1.953125e-06
602,-1220.5700927109974,11375.472908213169,0.99972,0.9553,1.953125e-06
603,-1238.1010305107097,11645.366288197192,0.9999,0.9559,1.953125e-06
